feature,anova_F,anova_p,kruskal_H,kruskal_p,anova_p_holm,kruskal_p_holm
punct_dash,50.65800663310905,5.270573976281917e-16,46.568381742482494,7.723326397142709e-11,8.959975759679259e-14,1.243455549939976e-08
fw_a,39.14484155807249,2.421553757215011e-13,48.1426109880996,3.515319892287052e-11,4.092425849693368e-11,5.694818225505025e-09
pos_aux_ratio,29.778447638635722,6.516409011052554e-11,38.27078437427569,4.893332918820581e-09,1.0947567138568291e-08,7.780399340924724e-07
mtld,26.08054582367809,7.11041801719416e-10,41.49039661147481,9.783062990276467e-10,1.1874398088714247e-07,1.5652900784442346e-07
pos_adv_ratio,25.024154904162494,1.4372996565253343e-09,33.32375270193918,5.8054921561817886e-08,2.385917429832055e-07,9.05656776364359e-06
punct_comma,25.00949501707777,1.4515057894516028e-09,32.220929435225614,1.0076601231185401e-07,2.3949845525951443e-07,1.5618731908337372e-05
ttr,24.77713599479835,1.696803072395135e-09,35.22373058575599,2.2452468061463842e-08,2.7827570387280213e-07,3.5250374856498234e-06
fw_that,21.693287752584766,1.4121118474943937e-08,30.798830078980835,2.0517244024040218e-07,2.3017423114158616e-06,3.159655579702194e-05
hapax_ratio,19.680955153949185,5.910933637082553e-08,29.8121832884097,3.3602117968102804e-07,9.575712492073736e-06,5.141124049119729e-05
std_sent_length,19.61302203213239,6.208036488103582e-08,27.670512129380086,9.804481590213942e-07,9.994938745846768e-06,0.0001490281201712519
fw_not,17.516554967230476,2.8874039301667927e-07,26.54779057711512,1.7187809153895467e-06,4.6198462882668685e-05,0.00025953591822382155
punct_semicolon,14.70399941502857,2.4484817843833814e-06,24.866080809780918,3.984732379700752e-06,0.00038930860371695766,0.0005977098569551128
fw_it,14.29811724174084,3.3585000213612846e-06,22.963500731197684,1.031666132163334e-05,0.000530643003375083,0.0015371825369233677
punct_hyphen,12.998550989683014,9.362714589894311e-06,18.447283089381312,9.867868969741714e-05,0.001469946190613407,0.014355124206984008
fw_while,12.907227857128392,1.0070013127110315e-05,17.917267895299794,0.00012862183794246893,0.0015709220478292091,0.018392922825773057
fw_being,12.045299609468795,2.0127536370938257e-05,22.12499936991217,1.5689800836534404e-05,0.0031197681374954297,0.0023220905238070916
pos_adj_ratio,11.308171486787618,3.666769825652928e-05,18.85094149044886,8.064362956040929e-05,0.005646825531505508,0.011854613545380166
punct_single_quote,10.531870591039567,6.949810503996977e-05,35.282466635987106,2.1802671735346493e-08,0.010633210071115375,3.444822134184746e-06
fw_does,10.450625588375477,7.434251461862395e-05,15.347288907993127,0.0004649203515690122,0.01130006222203084,0.06508884921966171
pos_det_ratio,10.450350159582225,7.435951039723934e-05,14.237310345900106,0.0008098551342075927,0.01130006222203084,0.10933044311802502
fw_on,9.451123245949313,0.00017157573179366823,18.050076520210364,0.00012035820016172197,0.025736359769050234,0.017331580823287965
num_words,9.436818757010155,0.00017365911371835792,14.928272151195126,0.0005732801311722507,0.02587520794403533,0.07853937797059835
fw_after,8.616593580357353,0.0003486213307157418,16.212948724746813,0.0003015802637780328,0.05159595694592979,0.04252281719270262
dale_chall,8.317302045174703,0.00045063831197098464,17.093981559988517,0.00019412839653800223,0.06624383185973474,0.02756623230839632
avg_word_length,7.978211614643686,0.0006036808681084841,18.454509869261482,9.832276854098636e-05,0.08813740674383867,0.014355124206984008
fw_is,7.919040912385721,0.0006353892669120664,13.166006874920441,0.0013836872296546221,0.09213144370224963,0.18264671431441012
pos_pron_ratio,7.787442265595049,0.000712141268472409,15.113532326298328,0.0005225623959603422,0.1025483426600269,0.07263617303848756
fw_been,7.738527360786417,0.0007430246514564338,15.006008721699095,0.00055142519874247,0.10625252515827004,0.07609667742646085
pos_noun_ratio,6.816293189232228,0.001665392232516743,12.377438051351001,0.0020524542112106492,0.2364856970173775,0.2668190474573844
yule_k,6.640819626046641,0.0019446500119472416,14.36358875625723,0.0007603023475068685,0.27419565168456106,0.10340111926093411
discourse_marker_count,6.5446428571428585,0.002117527850370718,12.26254182557818,0.0021738164732190237,0.2964538990519005,0.27741137484785816
discourse_marker_rate,6.363403946518327,0.002487129179514183,12.268568061284652,0.002167276365998892,0.3457109559524714,0.27741137484785816
long_word_ratio,6.2304253511023076,0.0027996472974456377,13.517853643943123,0.0011604739009713567,0.386351327047498,0.1555035027301618
fw_than,6.218853079736811,0.0028286708464152653,11.344677732066108,0.0034398106041933557,0.38752790595889136,0.4299763255241695
fw_this,6.027362038042152,0.0033560743376994245,11.809582925803143,0.002726350266630906,0.45642610992712174,0.34352013359549416
fw_had,5.945881519329578,0.0036099455473048514,9.014260197727985,0.011030070006007805,0.4873426488861549,1.0
fw_which,5.514371179833666,0.005320777483729401,13.49037783302761,0.0011765263930535504,0.7129841828197397,0.1564780102761222
fw_its,5.4330233533580214,0.005726374798852375,11.129537916760247,0.0038304654399571847,0.7616078482473659,0.4673167836747765
pos_verb_ratio,5.267717852028503,0.006650505030514976,9.464050521925667,0.008808613221964906,0.8778666640279769,1.0
fw_of,5.260200526838016,0.006695976431652792,8.404093779487535,0.014964913920575494,0.8778666640279769,1.0
fw_has,5.13427895010456,0.007506602329416199,9.30843973497213,0.009521338250887313,0.9758583028241059,1.0
pos_part_ratio,5.070979580618772,0.007951218079550114,10.726531882126709,0.00468557826882492,1.0,0.5669549705278153
fw_here,5.0029092960127945,0.008459388179640476,8.006280822187925,0.018258210474786568,1.0,1.0
fw_out,4.995573070951027,0.008516097085426054,7.35472685015531,0.02528956484434359,1.0,1.0
avg_sent_length,4.91387130656198,0.009174476486926951,9.050433062003142,0.010832368638845619,1.0,1.0
fw_most,4.636080202366192,0.011827589169600961,7.784442319918166,0.02039998405073306,1.0,1.0
fw_what,4.55212577073718,0.012774507866721784,8.88549492637409,0.01176357409330573,1.0,1.0
num_sentences,4.4398351255943025,0.014163172635705767,11.214171397671032,0.0036717543785453437,1.0,0.45162578856107727
fw_during,4.379391520732654,0.01497344802357167,8.233741753063368,0.01629542514471835,1.0,1.0
fw_an,4.368035077085838,0.015130883977496058,11.261810495746328,0.00358532824707718,1.0,0.4445807026375703
fw_own,4.353036144891128,0.015341406434798505,10.265472636815984,0.00590039301009757,1.0,0.7080471612117084
fw_because,4.021293814770743,0.020845305117263787,12.305190830045214,0.0021279516789463482,1.0,0.27450576658407894
fw_just,3.996684043498238,0.021326383960882475,8.001985044817197,0.018297469225100057,1.0,1.0
punct_colon,3.9946862427226306,0.02136593094057686,8.256411670280135,0.0161117600597214,1.0,1.0
pos_sconj_ratio,3.9839674260414077,0.02157939311527438,9.159835278781857,0.010255740930690777,1.0,1.0
fw_she,3.9313656969327515,0.022658896613636976,5.617878075835835,0.060268901503030596,1.0,1.0
fw_have,3.9139338861268285,0.023028656352278746,8.187783398913224,0.016674216088721865,1.0,1.0
fw_into,3.716890448533927,0.027662227315090084,5.7277057044212,0.05704853671270636,1.0,1.0
pos_num_ratio,3.6409865593040123,0.02969161673098638,5.989122738533192,0.05005857950317266,1.0,1.0
fw_they,3.5160053370586595,0.03336980637064073,12.577236251530193,0.0018573247635569096,1.0,0.24330954402595514
fw_between,3.50261885592762,0.03379038008646829,4.984245362125851,0.08273416181392594,1.0,1.0
fw_his,3.4574381382162387,0.03525018770410515,1.9053169458709658,0.3857142483422557,1.0,1.0
fw_at,3.3710797156066086,0.03822197748559509,7.044417357643279,0.029534131666082195,1.0,1.0
punct_total,3.270382238391584,0.0420118764300885,7.234008471313075,0.026863031381957347,1.0,1.0
fw_more,3.2021708752156135,0.0447948668064581,4.438777271549,0.10867552885000181,1.0,1.0
fw_them,3.1638632343073145,0.0464395184478316,4.125126353089682,0.12712770118941466,1.0,1.0
fw_doing,2.9165124942971095,0.058649936949031534,5.548212518353482,0.06240522587124862,1.0,1.0
fw_in,2.863230372984566,0.061683183738439305,6.078942165614189,0.04786019688183883,1.0,1.0
fw_to,2.8498918481901816,0.06246724830056809,5.809995023224993,0.054748926837866134,1.0,1.0
fw_other,2.755140447330216,0.06833747620634696,4.931789141643961,0.08493282994602168,1.0,1.0
fw_me,2.7311225220717117,0.06991291038460383,3.822067168628129,0.14792741210029464,1.0,1.0
fw_too,2.6651133713128097,0.07443623033124767,4.297170909101199,0.11664904650260906,1.0,1.0
fw_about,2.6640652943397516,0.07451040851935181,6.643499586097761,0.036089627094009785,1.0,1.0
fw_be,2.6533141149007213,0.0752756948795142,5.340380345237045,0.06923905668451602,1.0,1.0
fw_the,2.5774408869783496,0.08090935241449383,3.2388349629594817,0.19801401232375432,1.0,1.0
fw_are,2.573253687387483,0.08123249439989921,2.8881612907248324,0.23596291046299367,1.0,1.0
fw_do,2.545223360296837,0.08342986092242796,7.502779577793789,0.023485083855838296,1.0,1.0
punct_period,2.5376189594194223,0.08403637466979214,5.464335772044706,0.06507805482750047,1.0,1.0
fw_again,2.512366384416173,0.08608292235852963,4.642752450090254,0.09813843205675868,1.0,1.0
fw_through,2.490331704217249,0.08791017355247926,3.1046848785280328,0.21175137768935812,1.0,1.0
fw_under,2.4685493735787847,0.08975538142143767,4.180268457678924,0.12367053455096698,1.0,1.0
punct_quote,2.462836873473317,0.0902457983777786,9.615691980881643,0.008165429180979948,1.0,0.9716860725366139
fw_down,2.4150130580562568,0.09446016440689918,3.841897399859525,0.14646794207026187,1.0,1.0
fw_up,2.3802947034024355,0.09764492084993917,6.94728475051771,0.031003896921297097,1.0,1.0
fw_was,2.355121490648948,0.10002238613691991,3.4650087421577647,0.17684097950978403,1.0,1.0
fw_same,2.3052656022869176,0.10490671491033972,5.91146257527069,0.05204059001738218,1.0,1.0
fw_such,2.2003713642450933,0.1159928241434652,4.948003518030102,0.08424704715113918,1.0,1.0
fw_now,2.0783834158764187,0.13039980125229433,3.806307448732294,0.14909766404553274,1.0,1.0
fw_our,2.0702209632057493,0.13142660580156548,3.601175778953546,0.16520173930389,1.0,1.0
punct_ellipsis,2.0603672918662275,0.13267714989699797,4.038461538461905,0.13275754700278797,1.0,1.0
fw_yourself,2.056630674592737,0.13315453637931085,4.038461538461905,0.13275754700278797,1.0,1.0
fw_whom,2.0520390399167896,0.13374355822446704,4.038461538461905,0.13275754700278797,1.0,1.0
fw_some,2.04896808694562,0.13413898669620933,3.746361343702909,0.15363422380582617,1.0,1.0
fw_my,2.026740277788328,0.1370369003264254,1.467583804273635,0.4800850985554366,1.0,1.0
fw_herself,1.8655001872951953,0.1600624105921474,2.9851150144107215,0.22479699978464848,1.0,1.0
fw_further,1.863815929111248,0.160322699492008,4.038461538461905,0.13275754700278797,1.0,1.0
fw_for,1.810540334160236,0.16878265684639746,4.982465803061901,0.08280780973805181,1.0,1.0
fw_very,1.8096756839856283,0.1689236515199527,3.576238138567681,0.16727450570802585,1.0,1.0
fw_but,1.7597765835348513,0.17726730510044014,4.015133565227021,0.13431509520661675,1.0,1.0
fw_were,1.753676384923639,0.17831575121804089,4.350983118571583,0.11355232225123581,1.0,1.0
fw_each,1.7150627958428453,0.1851006069488037,2.3401181639144943,0.31034860472081494,1.0,1.0
fw_few,1.65242743813463,0.19667115499349758,2.9851150144107215,0.22479699978464848,1.0,1.0
fw_above,1.610452206125633,0.2048354921085743,1.1932224347988027,0.5506745942146334,1.0,1.0
fw_as,1.566843193702093,0.21368411191335024,1.0877659127217822,0.5804898538097258,1.0,1.0
fw_until,1.551349652162244,0.21692089720400395,3.143128533735671,0.20771999857466342,1.0,1.0
fw_both,1.4448498677919173,0.24056575739709626,2.8990997216866137,0.23467590113396455,1.0,1.0
fw_why,1.4308438654691416,0.24386515503461115,2.886482136059441,0.23616110276121402,1.0,1.0
fw_those,1.4272658179999562,0.24471541161237595,2.962705591566408,0.22732994927988145,1.0,1.0
fw_am,1.3950719274249506,0.25250297285221057,2.777133721594231,0.249432520123829,1.0,1.0
fw_then,1.3697670746450705,0.25880116329912184,1.2141875224524223,0.5449322732940315,1.0,1.0
fw_where,1.3160482175784074,0.27270775036607653,2.6709011859740848,0.263039624938707,1.0,1.0
fw_would,1.1903805313001214,0.30829419515848455,2.9393923193442912,0.22999535643583913,1.0,1.0
fw_any,1.167029009473921,0.31541162220360625,2.3706348766288223,0.30564913934979965,1.0,1.0
gunning_fog,1.1266714250385697,0.3281098749711415,2.5129587324955254,0.28465442843050504,1.0,1.0
flesch_kincaid_grade,1.0723465194137525,0.34603051804742635,1.5918059299191896,0.4511736569330611,1.0,1.0
flesch_reading_ease,1.06097695199609,0.34990567524352184,2.934586060839422,0.23054872965218393,1.0,1.0
fw_once,1.0094320927290186,0.36803683667303716,0.9687661226957061,0.616077161358358,1.0,1.0
fw_having,1.0000000000000007,0.37145692191346014,2.0000000000006826,0.3678794411713169,1.0,1.0
punct_exclamation,1.0000000000000004,0.3714569219134602,2.0000000000006826,0.3678794411713169,1.0,1.0
fw_ourselves,1.0,0.3714569219134603,2.0000000000006826,0.3678794411713169,1.0,1.0
fw_myself,0.9999999999999984,0.371456921913461,2.0000000000006826,0.3678794411713169,1.0,1.0
fw_themselves,0.9899821901628334,0.3751248884710086,2.0006152040754603,0.3677662981081095,1.0,1.0
fw_who,0.9729574262987062,0.38144334102648536,2.668001511237119,0.2634212662083701,1.0,1.0
fw_should,0.9557131156699896,0.3879539397176933,1.8863687320102733,0.3893859117780053,1.0,1.0
fw_off,0.9286323010504716,0.39840784634246273,1.874557836460571,0.3916922131127634,1.0,1.0
fw_with,0.9042473424501983,0.40806673647417085,3.0421471286388195,0.2184772116661983,1.0,1.0
fw_itself,0.9022586317912551,0.408864920058219,1.2339370875649927,0.5395776668854924,1.0,1.0
fw_over,0.8927401471031975,0.41270733411370397,0.9473470319847594,0.6227105244109752,1.0,1.0
fw_could,0.86205900457514,0.4253451438837008,1.6593578577928594,0.43618931162494234,1.0,1.0
fw_you,0.8583612010047479,0.4268947135596353,2.102865530343559,0.34943672949937155,1.0,1.0
fw_before,0.8337187068780837,0.43736923994289634,2.1490048075384593,0.3414676260376159,1.0,1.0
fw_him,0.7911062763973726,0.4561045483693819,1.479535436390839,0.47722475327462033,1.0,1.0
fw_we,0.7034976595619784,0.4972363691681648,0.9868020496709327,0.6105463757051447,1.0,1.0
fw_these,0.6968540091054928,0.5005057966409043,1.6369688606228163,0.4410996654521697,1.0,1.0
word_length_std,0.6666490747552297,0.5156486754384887,2.251772116372245,0.32436493378655135,1.0,1.0
fw_no,0.6174676826714763,0.5413118809749395,1.6363691660771813,0.4412319478151582,1.0,1.0
fw_he,0.6080469668677172,0.5463744101819356,0.5954782690932181,0.7424950057826112,1.0,1.0
fw_or,0.5760345375231244,0.5639409501500736,0.7807405057618342,0.6768062386420242,1.0,1.0
pos_propn_ratio,0.5636781193811207,0.5708745168801319,0.45883651738879916,0.7949959499888735,1.0,1.0
fw_your,0.5302563609116292,0.5900672686353966,1.9632727637787573,0.3746974487862161,1.0,1.0
fw_how,0.47950968254081483,0.6204752873433028,2.9871521764346527,0.22456814240379902,1.0,1.0
fw_from,0.4658904106840041,0.6289048516775512,0.41209918229559556,0.813792718367258,1.0,1.0
pos_adp_ratio,0.4392729008597479,0.6457183102278311,0.44254663697623126,0.8014975862418323,1.0,1.0
fw_by,0.43589916271554774,0.6478818786710946,1.8323599487135558,0.4000443054604871,1.0,1.0
punct_question,0.4250060626209139,0.6549181872790046,1.5176928236083853,0.4682062327766008,1.0,1.0
fw_i,0.4185808386084235,0.6591049928366246,0.07037070923331495,0.9654264534221,1.0,1.0
fw_there,0.40694303384600555,0.6667580358030497,0.6938461868314102,0.7068596883316042,1.0,1.0
fw_did,0.3785650789993009,0.6858015502666487,0.8153856105640568,0.6651831882013133,1.0,1.0
fw_her,0.3762936290585643,0.6873496151019906,0.7173189778964312,0.698612196028564,1.0,1.0
fw_so,0.3382876018619607,0.7137870627750721,0.5212809707038624,0.7705578966744804,1.0,1.0
pos_intj_ratio,0.33492748832862396,0.7161737235261803,0.5912866144617402,0.7440527789390878,1.0,1.0
fw_if,0.32284893519716307,0.7248204205625342,0.7766058554758466,0.678206864471764,1.0,1.0
fw_all,0.30874565920153024,0.7350513883956575,0.2628153517739107,0.8768602267435448,1.0,1.0
pos_cconj_ratio,0.2828374092770647,0.7542314368654526,0.7087270031673186,0.7016198810581749,1.0,1.0
fw_their,0.21493953237971686,0.8069546003874194,0.22818690036946424,0.8921745781074973,1.0,1.0
smog_index,0.21015475581022444,0.8108088484601649,0.16471565800910465,0.9209423598419783,1.0,1.0
fw_when,0.19674069454747203,0.8217145654170874,1.1686421931347664,0.5574842113109437,1.0,1.0
fw_nor,0.17508605364677313,0.8396365164748945,0.0007396673278022256,0.9996302347161383,1.0,1.0
fw_only,0.17407818796799565,0.8404802940370703,1.0011474254308226,0.6061827851604384,1.0,1.0
fw_and,0.14924303611119683,0.86154749521272,0.1566666148288241,0.9246561804153186,1.0,1.0
fw_will,0.11097238155030473,0.8950713686396042,0.2127985454153102,0.8990656040443663,1.0,1.0
fw_below,0.001489625023811371,0.9985115056387682,0.002352054278149093,0.9988246641098389,1.0,1.0
max_dep_depth,,,inf,0.0,1.0,0.0
mean_dep_depth,,,inf,0.0,1.0,0.0
fw_hers,,,inf,0.0,1.0,0.0
fw_himself,,,inf,0.0,1.0,0.0
fw_ours,,,inf,0.0,1.0,0.0
fw_theirs,,,inf,0.0,1.0,0.0
fw_yours,,,inf,0.0,1.0,0.0
fw_yourselves,,,inf,0.0,1.0,0.0
